Workbook

Sheet ticket
A1: cms_id | B1: ticket_id | C1: created_at | D1: closed_at | E1: outlet_id | F1: same_day | G1: same_hour | L1: Outlet | M1: same_day_count | N1: same_hour_count
A2: C1 | B2: T1 | C2: 44427.698 | D2: 44430.523 | E2: O1 | F2: =IF(INT(C2)=INT(D2),"Yes","No") -> No | G2: =IF(AND(INT(C2)=INT(D2),HOUR(C2)=HOUR(D2)),"Yes","No") -> No | L2: O1 | M2: =COUNTIFS($E:$E,L2,$F:$F,"Yes") -> 1 | N2: =COUNTIFS($E:$E,L2,$G:$G,"Yes") -> 1
A3: C2 | B3: T2 | C3: 44429.465 | D3: 44429.718 | E3: O2 | F3: =IF(INT(C3)=INT(D3),"Yes","No") -> Yes | G3: =IF(AND(INT(C3)=INT(D3),HOUR(C3)=HOUR(D3)),"Yes","No") -> No | L3: O2 | M3: =COUNTIFS($E:$E,L3,$F:$F,"Yes") -> 2 | N3: =COUNTIFS($E:$E,L3,$G:$G,"Yes") -> 1
A4: C3 | B4: T3 | C4: 44430.417 | D4: 44430.438 | E4: O1 | F4: =IF(INT(C4)=INT(D4),"Yes","No") -> Yes | G4: =IF(AND(INT(C4)=INT(D4),HOUR(C4)=HOUR(D4)),"Yes","No") -> Yes | L4: O3 | M4: =COUNTIFS($E:$E,L4,$F:$F,"Yes") -> 0 | N4: =COUNTIFS($E:$E,L4,$G:$G,"Yes") -> 0
A5: C4 | B5: T4 | C5: 44431.385 | D5: 44431.385 | E5: O2 | F5: =IF(INT(C5)=INT(D5),"Yes","No") -> Yes | G5: =IF(AND(INT(C5)=INT(D5),HOUR(C5)=HOUR(D5)),"Yes","No") -> Yes
A6: C5 | B6: T5 | C6: 44432.583 | D6: 44433.625 | E6: O3 | F6: =IF(INT(C6)=INT(D6),"Yes","No") -> No | G6: =IF(AND(INT(C6)=INT(D6),HOUR(C6)=HOUR(D6)),"Yes","No") -> No

Sheet feedbacks
A1: cms_id | B1: feedback_at | C1: feedback_rating | D1: ticket_created_at
A2: C1 | B2: 44429.56 | C2: 3 | D2: =VLOOKUP(A2, ticket!A:C, 3, FALSE) -> 44427.698
A3: C2 | B3: 44430.417 | C3: 4 | D3: =VLOOKUP(A3, ticket!A:C, 3, FALSE) -> 44429.465
A4: C3 | B4: 44430.458 | C4: 5 | D4: =VLOOKUP(A4, ticket!A:C, 3, FALSE) -> 44430.417
A5: C4 | B5: 44431.417 | C5: 2 | D5: =VLOOKUP(A5, ticket!A:C, 3, FALSE) -> 44431.385
A6: C5 | B6: 44433.667 | C6: 4 | D6: =VLOOKUP(A6, ticket!A:C, 3, FALSE) -> 44432.583
